model,row_level_mae,row_level_mse,row_level_rmse,monthly_total_mae,monthly_total_rmse,test_months,test_rows
XGBoost Split 70/30,2.5234689904853354,29.68702679157467,5.448580254669529,58.85377277433872,73.93507259671067,4,344
